[{"filename":"Hunter x Hunter (2011) Episode 069 - Watch Hunter x Hunter (2011) Episode 069 online in high quality.FLV","resolution":480,"tags":[],"folder":{"path":"D:\\Film"}},{"filename":"Hunter x Hunter (2011) Episode 070 - Watch Hunter x Hunter (2011) Episode 070 online in high quality.FLV","resolution":480,"tags":[],"folder":{"path":"D:\\Film"}},{"filename":"Hunter x Hunter (2011) Episode 071 - Watch Hunter x Hunter (2011) Episode 071 online in high quality.FLV","resolution":480,"tags":[],"folder":{"path":"D:\\Film"}},{"filename":"Hunter x Hunter (2011) Episode 072 - Watch Hunter x Hunter (2011) Episode 072 online in high quality.FLV","resolution":480,"tags":[],"folder":{"path":"D:\\Film"}},{"filename":"Hunter x Hunter (2011) Episode 073 - Watch Hunter x Hunter (2011) Episode 073 online in high quality.FLV","resolution":480,"tags":[],"folder":{"path":"D:\\Film"}},{"filename":"Hunter x Hunter (2011) Episode 074 - Watch Hunter x Hunter (2011) Episode 074 online in high quality.FLV","resolution":480,"tags":[],"folder":{"path":"D:\\Film"}},{"filename":"Hunter x Hunter (2011) Episode 075 - Watch Hunter x Hunter (2011) Episode 075 online in high quality.FLV","resolution":480,"tags":[],"folder":{"path":"D:\\Film"}},{"filename":"italian-job-2003.mp4","resolution":528,"tags":[],"folder":{"path":"D:\\Film"}},{"filename":"Sherlock (2010) - 02x03 - The Reichenbach Fall.BDRip-HAGGiS.English.HI.edit.Addic7ed.com.srt","resolution":0,"tags":[],"folder":{"path":"D:\\Film"}},{"filename":"Sherlock (2010) - 02x03 - The Reichenbach Fall.FoV.English.HI.C.edit.Addic7ed.com.srt","resolution":0,"tags":[],"folder":{"path":"D:\\Film"}},{"filename":"Sherlock (2010) - 02x03 - The Reichenbach Fall.hannibal.English.HI.C.edit.Addic7ed.com.srt","resolution":0,"tags":[],"folder":{"path":"D:\\Film"}},{"filename":"Tai-Chi Master (1993)Jet Li.avi","resolution":480,"tags":[],"folder":{"path":"D:\\Film"}},{"filename":"The Tai-Chi Master [ECHiZEN].srt","resolution":0,"tags":[],"folder":{"path":"D:\\Film"}},{"filename":"the-legend-fong-sai-yuk_english-469421.rar","resolution":0,"tags":[],"folder":{"path":"D:\\Film"}},{"filename":"The-Tai-Chi-Master-ECHiZEN2-.srt","resolution":0,"tags":[],"folder":{"path":"D:\\Film"}},{"filename":"[www.indowebster.com]-03_-_The_Reichenbach_Fall.mkv","resolution":400,"tags":[],"folder":{"path":"D:\\Film"}},{"filename":"Band of Brothers - 01x10 - Points.BluRay.1080p.x264.English.edit.Addic7ed.com.srt","resolution":0,"tags":[],"folder":{"path":"D:\\Film\\Band of Brothers"}},{"filename":"Band of Brothers_01_Currahee.avi","resolution":336,"tags":[],"folder":{"path":"D:\\Film\\Band of Brothers"}},{"filename":"Band of Brothers_01_Currahee.srt","resolution":0,"tags":[],"folder":{"path":"D:\\Film\\Band of Brothers"}},{"filename":"Band Of Brothers_02_Day Of Days.avi","resolution":336,"tags":[],"folder":{"path":"D:\\Film\\Band of Brothers"}},{"filename":"Band Of Brothers_02_Day Of Days.srt","resolution":0,"tags":[],"folder":{"path":"D:\\Film\\Band of Brothers"}},{"filename":"Band Of Brothers_03_Carentan.avi","resolution":336,"tags":[],"folder":{"path":"D:\\Film\\Band of Brothers"}},{"filename":"Band Of Brothers_03_Carentan.srt","resolution":0,"tags":[],"folder":{"path":"D:\\Film\\Band of Brothers"}},{"filename":"Band Of Brothers_04_Replacements.avi","resolution":336,"tags":[],"folder":{"path":"D:\\Film\\Band of Brothers"}},{"filename":"Band Of Brothers_04_Replacements.srt","resolution":0,"tags":[],"folder":{"path":"D:\\Film\\Band of Brothers"}},{"filename":"Band Of Brothers_05_Crossroads.avi","resolution":336,"tags":[],"folder":{"path":"D:\\Film\\Band of Brothers"}},{"filename":"Band Of Brothers_05_Crossroads.srt","resolution":0,"tags":[],"folder":{"path":"D:\\Film\\Band of Brothers"}},{"filename":"Band Of Brothers_06_Bastogne.avi","resolution":336,"tags":[],"folder":{"path":"D:\\Film\\Band of Brothers"}},{"filename":"Band Of Brothers_06_Bastogne.srt","resolution":0,"tags":[],"folder":{"path":"D:\\Film\\Band of Brothers"}},{"filename":"Band Of Brothers_07_The Breaking Point.avi","resolution":336,"tags":[],"folder":{"path":"D:\\Film\\Band of Brothers"}},{"filename":"Band Of Brothers_07_The Breaking Point.srt","resolution":0,"tags":[],"folder":{"path":"D:\\Film\\Band of Brothers"}},{"filename":"Band Of Brothers_08_The Last Patrol.avi","resolution":336,"tags":[],"folder":{"path":"D:\\Film\\Band of Brothers"}},{"filename":"Band Of Brothers_08_The Last Patrol.srt","resolution":0,"tags":[],"folder":{"path":"D:\\Film\\Band of Brothers"}},{"filename":"Band Of Brothers_08_The Last Patrol.srt2","resolution":0,"tags":[],"folder":{"path":"D:\\Film\\Band of Brothers"}},{"filename":"Band Of Brothers_09_Why We Fight.avi","resolution":336,"tags":[],"folder":{"path":"D:\\Film\\Band of Brothers"}},{"filename":"Band Of Brothers_09_Why We Fight.srt","resolution":0,"tags":[],"folder":{"path":"D:\\Film\\Band of Brothers"}},{"filename":"Band Of Brothers_09_Why We Fight.srt2","resolution":0,"tags":[],"folder":{"path":"D:\\Film\\Band of Brothers"}},{"filename":"Band Of Brothers_10_Points.avi","resolution":336,"tags":[],"folder":{"path":"D:\\Film\\Band of Brothers"}},{"filename":"Band Of Brothers_10_Points.srt","resolution":0,"tags":[],"folder":{"path":"D:\\Film\\Band of Brothers"}},{"filename":"www.addic7ed.com.txt","resolution":0,"tags":[],"folder":{"path":"D:\\Film\\Band of Brothers"}},{"filename":"Bruce.Almighty.2003.720p.BrRip.x264.YIFY.mp4","resolution":720,"tags":[],"folder":{"path":"D:\\Film\\Bruce Almighty (2003)"}},{"filename":"Bruce.Almighty.2003.720p.BrRip.x264.YIFY.srt","resolution":0,"tags":[],"folder":{"path":"D:\\Film\\Bruce Almighty (2003)"}},{"filename":"WWW.YIFY-TORRENTS.COM.jpg","resolution":0,"tags":[],"folder":{"path":"D:\\Film\\Bruce Almighty (2003)"}},{"filename":"Casino 1995.720p.BrRip.x264.YIFY","resolution":0,"tags":[],"folder":{"path":"D:\\Film\\Casino (1995)"}},{"filename":"Casino 1995.720p.BrRip.x264.YIFY.mp4","resolution":544,"tags":[],"folder":{"path":"D:\\Film\\Casino (1995)"}},{"filename":"WWW.YIFY-TORRENTS.COM.jpg","resolution":0,"tags":[],"folder":{"path":"D:\\Film\\Casino (1995)"}},{"filename":"Chaplin.1992.720p.BrRip.x264.YIFY.mp4","resolution":688,"tags":[],"folder":{"path":"D:\\Film\\Chaplin (1992)"}},{"filename":"Chaplin.1992.720p.BrRip.x264.YIFY.srt","resolution":0,"tags":[],"folder":{"path":"D:\\Film\\Chaplin (1992)"}},{"filename":"WWW.YIFY-TORRENTS.COM.jpg","resolution":0,"tags":[],"folder":{"path":"D:\\Film\\Chaplin (1992)"}},{"filename":"Coco.2017.720p.BRRip.999MB.MkvCage.indo.srt","resolution":0,"tags":[],"folder":{"path":"D:\\Film\\Coco (2017) BRRip"}},{"filename":"Coco.2017.720p.BRRip.999MB.MkvCage.mkv","resolution":536,"tags":[],"folder":{"path":"D:\\Film\\Coco (2017) BRRip"}},{"filename":"Coco.2017.720p.BRRip.999MB.MkvCage.srt","resolution":0,"tags":[],"folder":{"path":"D:\\Film\\Coco (2017) BRRip"}},{"filename":"coco_HI_english-1717323.zip","resolution":0,"tags":[],"folder":{"path":"D:\\Film\\Coco (2017) BRRip"}},{"filename":"Dog Day Afternoon 1975 DvDrip[Eng]-greenbud1969.avi","resolution":320,"tags":[],"folder":{"path":"D:\\Film\\Dog Day Afternoon 1975 DvDrip[Eng]-greenbud1969"}},{"filename":"Torrent downloaded from Demonoid.com.txt","resolution":0,"tags":[],"folder":{"path":"D:\\Film\\Dog Day Afternoon 1975 DvDrip[Eng]-greenbud1969"}},{"filename":"FreeMoviesDL.com.HDHNRY.2015.720p.WEB-DL.850MB.ShAaNiG.mkv","resolution":688,"tags":[],"folder":{"path":"D:\\Film\\Film Anyar"}},{"filename":"Tai-Chi Master (1993)Jet Li.avi","resolution":480,"tags":[],"folder":{"path":"D:\\Film\\Film Anyar"}},{"filename":"Guardians_of_the_Galaxy_Vol._2_(2017)_720p_BRRip_999MB_nItRo.mkv","resolution":536,"tags":[],"folder":{"path":"D:\\Film\\Guardian"}},{"filename":"Guardians_of_the_Galaxy_Vol._2_(2017)_720p_BRRip_999MB_nItRo.srt","resolution":0,"tags":[],"folder":{"path":"D:\\Film\\Guardian"}},{"filename":"hot-fuzz_english-1060436.zip","resolution":0,"tags":[],"folder":{"path":"D:\\Film\\Hot Fuzz (2007) BRRip"}},{"filename":"Hot.Fuzz.2007.720p.BRrip.x264.GAZ.YIFY.srt","resolution":0,"tags":[],"folder":{"path":"D:\\Film\\Hot Fuzz (2007) BRRip"}},{"filename":"HotFuzz07.BR72.mkv","resolution":542,"tags":[],"folder":{"path":"D:\\Film\\Hot Fuzz (2007) BRRip"}},{"filename":"HotFuzz07.BR72.srt","resolution":0,"tags":[],"folder":{"path":"D:\\Film\\Hot Fuzz (2007) BRRip"}},{"filename":"Interstellar.2014.720p.BluRay.x264.YIFY.mp4","resolution":720,"tags":[],"folder":{"path":"D:\\Film\\Interstellar (2014)"}},{"filename":"Interstellar.2014.720p.BluRay.x264.YIFY.srt","resolution":0,"tags":[],"folder":{"path":"D:\\Film\\Interstellar (2014)"}},{"filename":"Interstellar.2014.720p.BluRay.x264.YIFY.srt2","resolution":0,"tags":[],"folder":{"path":"D:\\Film\\Interstellar (2014)"}},{"filename":"interstellar_HI_english-1136978.zip","resolution":0,"tags":[],"folder":{"path":"D:\\Film\\Interstellar (2014)"}},{"filename":"Mission.Impossible.1996.720p.BluRay.x264.YIFY.mp4","resolution":532,"tags":[],"folder":{"path":"D:\\Film\\Mission Impossible (1996)"}},{"filename":"Mission.Impossible.1996.720p.BluRay.x264.YIFY.srt","resolution":0,"tags":[],"folder":{"path":"D:\\Film\\Mission Impossible (1996)"}},{"filename":"WWW.YIFY-TORRENTS.COM.jpg","resolution":0,"tags":[],"folder":{"path":"D:\\Film\\Mission Impossible (1996)"}},{"filename":"Mission.Impossible.Ghost.Protocol.2011.720p.BrRip.x264.YIFY.mp4","resolution":536,"tags":[],"folder":{"path":"D:\\Film\\Mission Impossible Ghost Protocol (2011)"}},{"filename":"Mission.Impossible.Ghost.Protocol.2011.720p.BrRip.x264.YIFY.srt","resolution":0,"tags":[],"folder":{"path":"D:\\Film\\Mission Impossible Ghost Protocol (2011)"}},{"filename":"WWW.YIFY-TORRENTS.COM.jpg","resolution":0,"tags":[],"folder":{"path":"D:\\Film\\Mission Impossible Ghost Protocol (2011)"}},{"filename":"Mission.Impossible.III.2006.720p.BrRip.x264-YIFY.mp4","resolution":546,"tags":[],"folder":{"path":"D:\\Film\\Mission Impossible III (2006)"}},{"filename":"Mission.Impossible.III.2006.720p.BrRip.x264-YIFY.srt","resolution":0,"tags":[],"folder":{"path":"D:\\Film\\Mission Impossible III (2006)"}},{"filename":"WWW.YIFY-TORRENTS.COM.jpg","resolution":0,"tags":[],"folder":{"path":"D:\\Film\\Mission Impossible III (2006)"}},{"filename":"Mission.Impossible.Rogue.Nation.2015.720p.BluRay.x264.YIFY.HI.srt","resolution":0,"tags":[],"folder":{"path":"D:\\Film\\Mission.Impossible.Rogue.Nation.2015.720p.BRRip.x264.AAC-ETRG"}},{"filename":"Mission.Impossible.Rogue.Nation.2015.720p.BRRip.x264.AAC-ETRG.mp4","resolution":536,"tags":[],"folder":{"path":"D:\\Film\\Mission.Impossible.Rogue.Nation.2015.720p.BRRip.x264.AAC-ETRG"}},{"filename":"Mission.Impossible.Rogue.Nation.2015.srt","resolution":0,"tags":[],"folder":{"path":"D:\\Film\\Mission.Impossible.Rogue.Nation.2015.720p.BRRip.x264.AAC-ETRG"}},{"filename":"Torrent Downloaded From ExtraTorrent.cc.txt","resolution":0,"tags":[],"folder":{"path":"D:\\Film\\Mission.Impossible.Rogue.Nation.2015.720p.BRRip.x264.AAC-ETRG"}},{"filename":"Nodame Cantabile 01.avi","resolution":480,"tags":[],"folder":{"path":"D:\\Film\\Nodame Cantabile"}},{"filename":"Nodame Cantabile 02.avi","resolution":480,"tags":[],"folder":{"path":"D:\\Film\\Nodame Cantabile"}},{"filename":"Nodame Cantabile 03.avi","resolution":480,"tags":[],"folder":{"path":"D:\\Film\\Nodame Cantabile"}},{"filename":"Nodame Cantabile 04.avi","resolution":480,"tags":[],"folder":{"path":"D:\\Film\\Nodame Cantabile"}},{"filename":"Nodame Cantabile 05.avi","resolution":480,"tags":[],"folder":{"path":"D:\\Film\\Nodame Cantabile"}},{"filename":"Nodame Cantabile 06.avi","resolution":480,"tags":[],"folder":{"path":"D:\\Film\\Nodame Cantabile"}},{"filename":"Nodame Cantabile 07.avi","resolution":480,"tags":[],"folder":{"path":"D:\\Film\\Nodame Cantabile"}},{"filename":"Nodame Cantabile 08.0.avi","resolution":480,"tags":[],"folder":{"path":"D:\\Film\\Nodame Cantabile"}},{"filename":"Nodame Cantabile 08.5.mkv","resolution":480,"tags":[],"folder":{"path":"D:\\Film\\Nodame Cantabile"}},{"filename":"Nodame Cantabile 09.avi","resolution":480,"tags":[],"folder":{"path":"D:\\Film\\Nodame Cantabile"}},{"filename":"Nodame Cantabile 10.avi","resolution":480,"tags":[],"folder":{"path":"D:\\Film\\Nodame Cantabile"}},{"filename":"Nodame Cantabile 11.avi","resolution":480,"tags":[],"folder":{"path":"D:\\Film\\Nodame Cantabile"}},{"filename":"Nodame Cantabile 12.mp4","resolution":400,"tags":[],"folder":{"path":"D:\\Film\\Nodame Cantabile"}},{"filename":"Nodame Cantabile 13.mp4","resolution":400,"tags":[],"folder":{"path":"D:\\Film\\Nodame Cantabile"}},{"filename":"Nodame Cantabile 14.mp4","resolution":400,"tags":[],"folder":{"path":"D:\\Film\\Nodame Cantabile"}},{"filename":"Nodame Cantabile 15.mp4","resolution":400,"tags":[],"folder":{"path":"D:\\Film\\Nodame Cantabile"}},{"filename":"Nodame Cantabile 16.mp4","resolution":400,"tags":[],"folder":{"path":"D:\\Film\\Nodame Cantabile"}},{"filename":"Nodame Cantabile 17.mp4","resolution":400,"tags":[],"folder":{"path":"D:\\Film\\Nodame Cantabile"}},{"filename":"Nodame Cantabile 18.mp4","resolution":400,"tags":[],"folder":{"path":"D:\\Film\\Nodame Cantabile"}},{"filename":"Nodame Cantabile 19.mp4","resolution":400,"tags":[],"folder":{"path":"D:\\Film\\Nodame Cantabile"}},{"filename":"Nodame Cantabile 20.mp4","resolution":400,"tags":[],"folder":{"path":"D:\\Film\\Nodame Cantabile"}},{"filename":"Nodame Cantabile 21.mp4","resolution":400,"tags":[],"folder":{"path":"D:\\Film\\Nodame Cantabile"}},{"filename":"Nodame Cantabile 22.mp4","resolution":400,"tags":[],"folder":{"path":"D:\\Film\\Nodame Cantabile"}},{"filename":"Nodame Cantabile 23.mp4","resolution":400,"tags":[],"folder":{"path":"D:\\Film\\Nodame Cantabile"}},{"filename":"Thumbs.db","resolution":0,"tags":[],"folder":{"path":"D:\\Film\\Nodame Cantabile"}},{"filename":"Saving Private Ryan (1998) GetMediaFire.net.mkv","resolution":688,"tags":[],"folder":{"path":"D:\\Film\\Saving Private Ryan"}},{"filename":"Saving Private Ryan (1998) GetMediaFire.net.srt","resolution":0,"tags":[],"folder":{"path":"D:\\Film\\Saving Private Ryan"}},{"filename":"Star Trek (2009) 720p BRrip 550mb bluray_MediafireHBO.COM.mkv","resolution":528,"tags":[],"folder":{"path":"D:\\Film\\Star Trek (2009) 720p BRrip 550mb bluray_MediafireHBO.COM"}},{"filename":"Star Trek (2009) 720p BRrip 550mb bluray_MediafireHBO.COM.srt","resolution":0,"tags":[],"folder":{"path":"D:\\Film\\Star Trek (2009) 720p BRrip 550mb bluray_MediafireHBO.COM"}},{"filename":"star-trek_HI_english-770876.zip","resolution":0,"tags":[],"folder":{"path":"D:\\Film\\Star Trek (2009) 720p BRrip 550mb bluray_MediafireHBO.COM"}},{"filename":"Star.Trek.2009.1080p.BrRip.x264.YIFY.srt","resolution":0,"tags":[],"folder":{"path":"D:\\Film\\Star Trek (2009) 720p BRrip 550mb bluray_MediafireHBO.COM"}},{"filename":"Thumbs.db","resolution":0,"tags":[],"folder":{"path":"D:\\Film\\Star Trek (2009) 720p BRrip 550mb bluray_MediafireHBO.COM"}},{"filename":"the-game_english-919169.zip","resolution":0,"tags":[],"folder":{"path":"D:\\Film\\The Game (1997)"}},{"filename":"The.Game.1997.720p.BluRay.x264.YIFY.mp4","resolution":544,"tags":[],"folder":{"path":"D:\\Film\\The Game (1997)"}},{"filename":"The.Game.1997.720p.BluRay.x264.YIFY.srt","resolution":0,"tags":[],"folder":{"path":"D:\\Film\\The Game (1997)"}},{"filename":"WWW.YIFY-TORRENTS.COM.jpg","resolution":0,"tags":[],"folder":{"path":"D:\\Film\\The Game (1997)"}},{"filename":"MediaFire4U.Com - ThIncr004.srt2","resolution":0,"tags":[],"folder":{"path":"D:\\Film\\The Incredibles (2004) BrRip 500mb"}},{"filename":"The Incredibles.mkv","resolution":528,"tags":[],"folder":{"path":"D:\\Film\\The Incredibles (2004) BrRip 500mb"}},{"filename":"The Incredibles.srt","resolution":0,"tags":[],"folder":{"path":"D:\\Film\\The Incredibles (2004) BrRip 500mb"}},{"filename":"the.incredibles.(3179655).nfo","resolution":0,"tags":[],"folder":{"path":"D:\\Film\\The Incredibles (2004) BrRip 500mb"}},{"filename":"The Legend (1993) x264 720p BluRay {Dual Audio} [Hindi 2.0 + English 5.1] Exclusive By DREDD.mkv","resolution":720,"tags":[],"folder":{"path":"D:\\Film\\The Legend (1993) x264 720p BluRay {Dual Audio} [Hindi 2.0 + English 5.1] Exclusive By DREDD"}},{"filename":"The Legend Sample.mkv","resolution":720,"tags":[],"folder":{"path":"D:\\Film\\The Legend (1993) x264 720p BluRay {Dual Audio} [Hindi 2.0 + English 5.1] Exclusive By DREDD"}},{"filename":"The Legend.jpg","resolution":0,"tags":[],"folder":{"path":"D:\\Film\\The Legend (1993) x264 720p BluRay {Dual Audio} [Hindi 2.0 + English 5.1] Exclusive By DREDD"}},{"filename":"The.Legend.1993.BD1080p.X264.3Audio.AAC.HALFCD-NORM.srt","resolution":0,"tags":[],"folder":{"path":"D:\\Film\\The Legend (1993) x264 720p BluRay {Dual Audio} [Hindi 2.0 + English 5.1] Exclusive By DREDD"}},{"filename":"MIst_The.Sixth.Sense.1999.720p.BluRay.x264.YIFY.mp4","resolution":720,"tags":[],"folder":{"path":"D:\\Film\\The Sixth Sense (1999)"}},{"filename":"MIst_The.Sixth.Sense.1999.720p.BluRay.x264.YIFY.srt","resolution":0,"tags":[],"folder":{"path":"D:\\Film\\The Sixth Sense (1999)"}},{"filename":"the-tree-of-life_indonesian-483479.zip","resolution":0,"tags":[],"folder":{"path":"D:\\Film\\The Tree of Life (2011)"}},{"filename":"The.Tree.of.Life.2011.720p.BrRip.x264.YIFY.mp4","resolution":688,"tags":[],"folder":{"path":"D:\\Film\\The Tree of Life (2011)"}},{"filename":"The.Tree.of.Life.2011.720p.BrRip.x264.YIFY.srt","resolution":0,"tags":[],"folder":{"path":"D:\\Film\\The Tree of Life (2011)"}},{"filename":"WWW.YIFY-TORRENTS.COM.jpg","resolution":0,"tags":[],"folder":{"path":"D:\\Film\\The Tree of Life (2011)"}},{"filename":"#!@!@!!#  !@#!$%^&;.txt","resolution":0,"tags":[],"folder":{"path":"D:\\CRAYON POP (크레용팝) Videos"}},{"filename":"Copy of [ENGSUB]CrayonPop-TooniverseNangamSchool28Apr2014.mp4","resolution":0,"tags":[{"order":1,"text":"videos"},{"order":2,"text":"videos!"}],"folder":{"path":"D:\\CRAYON POP (크레용팝) Videos"}},{"filename":"Crayon Pop  FM  Elysium LIVE DEBUT SXSW 2015.mp4","resolution":720,"tags":[{"order":7,"text":"audio"},{"order":6,"text":"@!!"}],"folder":{"path":"D:\\CRAYON POP (크레용팝) Videos"}},{"filename":"Crayon Pop RaRiRuRe.mp4","resolution":720,"tags":[{"order":5,"text":"!!"}],"folder":{"path":"D:\\CRAYON POP (크레용팝) Videos"}},{"filename":"videos 150504 의왕철도축제 크레용팝(Crayon Pop) - FM (소율) 직캠 by 수원촌놈.mp4","resolution":0,"tags":[{"order":1,"text":"videos"}],"folder":{"path":"D:\\CRAYON POP (크레용팝) Videos"}},{"filename":"[16.06.24] 크레용팝 (Crayon pop)_K.I.S.S(K-POP Idol Secret Stage) 헤이 미.mp4","resolution":480,"tags":[],"folder":{"path":"D:\\CRAYON POP (크레용팝) Videos"}},{"filename":"[ENG SUB] Crayon Pop - KISS backstage Cut 27 June 2016.mp4","resolution":720,"tags":[],"folder":{"path":"D:\\CRAYON POP (크레용팝) Videos"}},{"filename":"[ENG SUB] Crayon Pop - MBC Show Champion Backstage 31 Jul 2013.mp4","resolution":720,"tags":[],"folder":{"path":"D:\\CRAYON POP (크레용팝) Videos\\All Subbed"}},{"filename":"[ENG SUB] Crayon Pop Star Self Camera @ Mylove KBS 02 Aug 2013.mp4","resolution":720,"tags":[],"folder":{"path":"D:\\CRAYON POP (크레용팝) Videos\\All Subbed"}},{"filename":"[ENG SUB] Chrome-In Episode 8 - Crayon Pop K-Much 25 Jan 2015.mp4","resolution":1080,"tags":[],"folder":{"path":"D:\\CRAYON POP (크레용팝) Videos\\Crayon Pop"}},{"filename":"Bar Bar Bar (Crayon Pop) Edited v2.mp3","resolution":0,"tags":[],"folder":{"path":"D:\\CRAYON POP (크레용팝) Videos\\Crayon Pop - PTMB Edition"}},{"filename":"Bar Bar Bar Lyric (Edited).txt","resolution":0,"tags":[],"folder":{"path":"D:\\CRAYON POP (크레용팝) Videos\\Crayon Pop - PTMB Edition"}},{"filename":"[ENG SUB] 130609 Crayon Pop TV Season 2 Opening.mp4","resolution":1080,"tags":[],"folder":{"path":"D:\\CRAYON POP (크레용팝) Videos\\Crayon Pop TV"}},{"filename":"[ENG SUB] Crayon Pop TV Season 1 EP02 13 Jan 2013.mp4","resolution":1080,"tags":[],"folder":{"path":"D:\\CRAYON POP (크레용팝) Videos\\Crayon Pop TV"}},{"filename":"[ENG SUB] Crayon Pop TV Season 1 EP03 23 Jan 2013.mp4","resolution":720,"tags":[],"folder":{"path":"D:\\CRAYON POP (크레용팝) Videos\\Crayon Pop TV"}},{"filename":"[ENG SUB] Crayon Pop TV Season 1 EP04 27 Jan 2013.mp4","resolution":720,"tags":[],"folder":{"path":"D:\\CRAYON POP (크레용팝) Videos\\Crayon Pop TV"}},{"filename":"[ENG SUB] Crayon Pop TV Season 1 EP05 05 Feb 2013.mp4","resolution":720,"tags":[],"folder":{"path":"D:\\CRAYON POP (크레용팝) Videos\\Crayon Pop TV"}},{"filename":"[ENG SUB] Crayon Pop TV Season 1 EP08 17 Feb 2013.mp4","resolution":1080,"tags":[],"folder":{"path":"D:\\CRAYON POP (크레용팝) Videos\\Crayon Pop TV"}},{"filename":"[ENG SUB] Crayon Pop TV Season 2 - Extra (Hong Kong) 14 Dec 2013.mp4","resolution":720,"tags":[],"folder":{"path":"D:\\CRAYON POP (크레용팝) Videos\\Crayon Pop TV"}},{"filename":"[ENG SUB] Crayon Pop TV Season 2 EP03 11 Aug 2013.mp4","resolution":720,"tags":[],"folder":{"path":"D:\\CRAYON POP (크레용팝) Videos\\Crayon Pop TV"}},{"filename":"[ENG SUB] Crayon Pop TV Season 2 EP04 08 Sep 2013.mp4","resolution":1080,"tags":[],"folder":{"path":"D:\\CRAYON POP (크레용팝) Videos\\Crayon Pop TV"}},{"filename":"[ENG SUB] Crayon Pop TV Season 2 EP05 22 Sep 2013.mp4","resolution":1080,"tags":[],"folder":{"path":"D:\\CRAYON POP (크레용팝) Videos\\Crayon Pop TV"}},{"filename":"[ENG SUB] Crayon Pop TV Season 2 EP08 (Australia Part 1) 13 Nov 2013.mp4","resolution":1080,"tags":[],"folder":{"path":"D:\\CRAYON POP (크레용팝) Videos\\Crayon Pop TV"}},{"filename":"[ENG SUB] Crayon Pop TV Season 2 EP08 (Australia Part 2) 19 Nov 2013.mp4","resolution":1080,"tags":[],"folder":{"path":"D:\\CRAYON POP (크레용팝) Videos\\Crayon Pop TV"}},{"filename":"[KMDSubs][ENG] Crayon Pop TV Season 2 Episode 2.mp4","resolution":720,"tags":[],"folder":{"path":"D:\\CRAYON POP (크레용팝) Videos\\Crayon Pop TV"}},{"filename":"[KMDSubs][ENG] Crayon Pop's Colorful Growth Diary Ep. 1.mp4","resolution":720,"tags":[],"folder":{"path":"D:\\CRAYON POP (크레용팝) Videos\\Crayon Pop TV"}},{"filename":"[KMDSubs][ENG] Crayon Pop's Colorful Growth Diary Ep. 2.mp4","resolution":720,"tags":[],"folder":{"path":"D:\\CRAYON POP (크레용팝) Videos\\Crayon Pop TV"}},{"filename":"[KMDSubs][ENG] Crayon Pop's Colorful Growth Diary Ep. 3.mp4","resolution":720,"tags":[],"folder":{"path":"D:\\CRAYON POP (크레용팝) Videos\\Crayon Pop TV"}},{"filename":"3px2p.mp4","resolution":540,"tags":[],"folder":{"path":"D:\\BP\\Music"}},{"filename":"Billy Joel 06 - Uptown Girl.mp3","resolution":0,"tags":[],"folder":{"path":"D:\\BP\\Music"}},{"filename":"سورة الالحاد العظيم - La Sourate de la Glorieuse Apostasie.mp3","resolution":0,"tags":[],"folder":{"path":"D:\\BP\\Music"}},{"filename":"크레용팝Crayon - Pop - Vroom Vroom.mp3","resolution":0,"tags":[],"folder":{"path":"D:\\BP\\Music"}},{"filename":"Bass test & bass tracks.jpg","resolution":0,"tags":[],"folder":{"path":"D:\\BP\\Music\\Bass test & bass tracks"}},{"filename":"Bass test & bass tracks.txt","resolution":0,"tags":[],"folder":{"path":"D:\\BP\\Music\\Bass test & bass tracks"}},{"filename":"Thumbs.db","resolution":0,"tags":[],"folder":{"path":"D:\\BP\\Music\\Bass test & bass tracks"}},{"filename":"01 - Unknown - Track 1.flac","resolution":0,"tags":[],"folder":{"path":"D:\\BP\\Music\\Crayon Pop FM (FLAC)"}},{"filename":"02 - Unknown - Track 2.flac","resolution":0,"tags":[],"folder":{"path":"D:\\BP\\Music\\Crayon Pop FM (FLAC)"}},{"filename":"03 - Unknown - Track 3.flac","resolution":0,"tags":[],"folder":{"path":"D:\\BP\\Music\\Crayon Pop FM (FLAC)"}},{"filename":"04 - Unknown - Track 4.flac","resolution":0,"tags":[],"folder":{"path":"D:\\BP\\Music\\Crayon Pop FM (FLAC)"}},{"filename":"05 - Unknown - Track 5.flac","resolution":0,"tags":[],"folder":{"path":"D:\\BP\\Music\\Crayon Pop FM (FLAC)"}},{"filename":"06 - Unknown - Track 6.flac","resolution":0,"tags":[],"folder":{"path":"D:\\BP\\Music\\Crayon Pop FM (FLAC)"}},{"filename":"01. Crayon Pop - Vroom Vroom.flac","resolution":0,"tags":[],"folder":{"path":"D:\\BP\\Music\\Evolution Pop Vol.1 (FLAC)"}},{"filename":"02. Crayon Pop - Too Much.flac","resolution":0,"tags":[],"folder":{"path":"D:\\BP\\Music\\Evolution Pop Vol.1 (FLAC)"}},{"filename":"03. Crayon Pop - Doo Doom Chit.flac","resolution":0,"tags":[],"folder":{"path":"D:\\BP\\Music\\Evolution Pop Vol.1 (FLAC)"}},{"filename":"04. Crayon Pop - Boogie Woogie.flac","resolution":0,"tags":[],"folder":{"path":"D:\\BP\\Music\\Evolution Pop Vol.1 (FLAC)"}},{"filename":"05. Crayon Pop - Tonight.flac","resolution":0,"tags":[],"folder":{"path":"D:\\BP\\Music\\Evolution Pop Vol.1 (FLAC)"}},{"filename":"06. Crayon Pop - Get It Here.flac","resolution":0,"tags":[],"folder":{"path":"D:\\BP\\Music\\Evolution Pop Vol.1 (FLAC)"}},{"filename":"07. Crayon Pop - Sketch Book.flac","resolution":0,"tags":[],"folder":{"path":"D:\\BP\\Music\\Evolution Pop Vol.1 (FLAC)"}},{"filename":"08. Crayon Pop - Love Couple (feat. The Zoo).flac","resolution":0,"tags":[],"folder":{"path":"D:\\BP\\Music\\Evolution Pop Vol.1 (FLAC)"}},{"filename":"09. Crayon Pop - Vroom Vroom (Inst.).flac","resolution":0,"tags":[],"folder":{"path":"D:\\BP\\Music\\Evolution Pop Vol.1 (FLAC)"}},{"filename":"10. Crayon Pop - Doo Doom Chit (Inst.).flac","resolution":0,"tags":[],"folder":{"path":"D:\\BP\\Music\\Evolution Pop Vol.1 (FLAC)"}},{"filename":"11. Crayon Pop - Bar Bar Bar.flac","resolution":0,"tags":[],"folder":{"path":"D:\\BP\\Music\\Evolution Pop Vol.1 (FLAC)"}},{"filename":"12. Crayon Pop - UH-EE.flac","resolution":0,"tags":[],"folder":{"path":"D:\\BP\\Music\\Evolution Pop Vol.1 (FLAC)"}},{"filename":"13. Crayon Pop - Dancing Queen 2.0.flac","resolution":0,"tags":[],"folder":{"path":"D:\\BP\\Music\\Evolution Pop Vol.1 (FLAC)"}},{"filename":"14. Crayon Pop - Bing Bing.flac","resolution":0,"tags":[],"folder":{"path":"D:\\BP\\Music\\Evolution Pop Vol.1 (FLAC)"}},{"filename":"15. Crayon Pop - FM.flac","resolution":0,"tags":[],"folder":{"path":"D:\\BP\\Music\\Evolution Pop Vol.1 (FLAC)"}},{"filename":"16. Crayon Pop - Saturday Night.flac","resolution":0,"tags":[],"folder":{"path":"D:\\BP\\Music\\Evolution Pop Vol.1 (FLAC)"}},{"filename":"17. Strawberry Milk - Hello.flac","resolution":0,"tags":[],"folder":{"path":"D:\\BP\\Music\\Evolution Pop Vol.1 (FLAC)"}},{"filename":"Crayon Pop - Evolution Pop Vol.1 CD1.m3u8","resolution":0,"tags":[],"folder":{"path":"D:\\BP\\Music\\Evolution Pop Vol.1 (FLAC)"}},{"filename":"Crayon Pop - Evolution Pop Vol.1 CD2.m3u8","resolution":0,"tags":[],"folder":{"path":"D:\\BP\\Music\\Evolution Pop Vol.1 (FLAC)"}},{"filename":"AlbumArtSmall.jpg","resolution":0,"tags":[],"folder":{"path":"D:\\BP\\Music\\Music"}},{"filename":"AlbumArt_{D6DD727B-C141-4127-9F6A-FC8AB507B792}_Large.jpg","resolution":0,"tags":[],"folder":{"path":"D:\\BP\\Music\\Music"}},{"filename":"AlbumArt_{D6DD727B-C141-4127-9F6A-FC8AB507B792}_Small.jpg","resolution":0,"tags":[],"folder":{"path":"D:\\BP\\Music\\Music"}},{"filename":"Beck-Threshold_OST_Scott_Pilgrim_vs_The_World_.mp3","resolution":0,"tags":[],"folder":{"path":"D:\\BP\\Music\\Music"}},{"filename":"desktop.ini","resolution":0,"tags":[],"folder":{"path":"D:\\BP\\Music\\Music"}},{"filename":"FLOW-GO!!!.mp3","resolution":0,"tags":[],"folder":{"path":"D:\\BP\\Music\\Music"}},{"filename":"Folder.jpg","resolution":0,"tags":[],"folder":{"path":"D:\\BP\\Music\\Music"}},{"filename":"Suikoden ii ost - reminiscence [disc 1] [www.stafaband.co].mp3","resolution":0,"tags":[],"folder":{"path":"D:\\BP\\Music\\Music"}},{"filename":"FAV.wpl","resolution":0,"tags":[],"folder":{"path":"D:\\BP\\Music\\Playlists"}},{"filename":"No Voice.wpl","resolution":0,"tags":[],"folder":{"path":"D:\\BP\\Music\\Playlists"}},{"filename":"To Hear.wpl","resolution":0,"tags":[],"folder":{"path":"D:\\BP\\Music\\Playlists"}},{"filename":"01-Nodame Cantabile - Rachmaninoff Piano Concerto 2.mp3","resolution":0,"tags":[],"folder":{"path":"D:\\BP\\Music\\Rating 4"}},{"filename":"02-07 - All Saints - Black Coffee.mp3","resolution":0,"tags":[],"folder":{"path":"D:\\BP\\Music\\Rating 4"}},{"filename":"03-black_rebel_motorcycle_club_beat_the_devil_s_tattoo_(NaitiMP3.ru).mp3","resolution":0,"tags":[],"folder":{"path":"D:\\BP\\Music\\Rating 4"}},{"filename":"04-07 - Keane - Is It Any Wonder-.mp3","resolution":0,"tags":[],"folder":{"path":"D:\\BP\\Music\\Rating 4"}},{"filename":"05-05.Kiss Me.mp3","resolution":0,"tags":[],"folder":{"path":"D:\\BP\\Music\\Rating 4"}},{"filename":"06-06.Breathe Your Name.mp3","resolution":0,"tags":[],"folder":{"path":"D:\\BP\\Music\\Rating 4"}},{"filename":"07-Symphony No. 1 in C Minor, Op. 68, IV. Adagio. Più andante. Allegro non troppo,.mp3","resolution":0,"tags":[],"folder":{"path":"D:\\BP\\Music\\Rating 4"}},{"filename":"08-01 - Everlasting Light.mp3","resolution":0,"tags":[],"folder":{"path":"D:\\BP\\Music\\Rating 4"}},{"filename":"09-03 - Tighten Up.mp3","resolution":0,"tags":[],"folder":{"path":"D:\\BP\\Music\\Rating 4"}},{"filename":"10-07 - The Only One.mp3","resolution":0,"tags":[],"folder":{"path":"D:\\BP\\Music\\Rating 4"}},{"filename":"100-4. Симфония №1 До Минор, соч.68 - Adagio - Allegro.mp3","resolution":0,"tags":[],"folder":{"path":"D:\\BP\\Music\\Rating 4"}},{"filename":"101-02 - Teddy Picker[mp3lemon.net].mp3","resolution":0,"tags":[],"folder":{"path":"D:\\BP\\Music\\Rating 4"}},{"filename":"102-CRAYON_POP_1st_POPCON_in_Seoul_-_I_am_Beautiful-Vubey.mp3","resolution":0,"tags":[],"folder":{"path":"D:\\BP\\Music\\Rating 4"}},{"filename":"103-Shura - Does.mp3","resolution":0,"tags":[],"folder":{"path":"D:\\BP\\Music\\Rating 4"}},{"filename":"104-Waltz.mp3","resolution":0,"tags":[],"folder":{"path":"D:\\BP\\Music\\Rating 4"}},{"filename":"105-1-07-Vamo' Alla Flamenco.mp3","resolution":0,"tags":[],"folder":{"path":"D:\\BP\\Music\\Rating 4"}},{"filename":"106-04-The Silence Before the Storm.mp3","resolution":0,"tags":[],"folder":{"path":"D:\\BP\\Music\\Rating 4"}},{"filename":"107-035. Ludwig van Beethoven - Für Elise (WoO 59).mp3","resolution":0,"tags":[],"folder":{"path":"D:\\BP\\Music\\Rating 4"}},{"filename":"108-12 - Bow.mp3","resolution":0,"tags":[],"folder":{"path":"D:\\BP\\Music\\Rating 4"}},{"filename":"109-Sexual Healing - Marvin Gaye.mp3","resolution":0,"tags":[],"folder":{"path":"D:\\BP\\Music\\Rating 4"}},{"filename":"11-14 - Never Give You Up.mp3","resolution":0,"tags":[],"folder":{"path":"D:\\BP\\Music\\Rating 4"}},{"filename":"110-Garbage - I Think I'm Paranoid - 08.mp3","resolution":0,"tags":[],"folder":{"path":"D:\\BP\\Music\\Rating 4"}},{"filename":"111-Haddaway - What is love.mp3","resolution":0,"tags":[],"folder":{"path":"D:\\BP\\Music\\Rating 4"}},{"filename":"112-Alien Ant Farm- Smooth Criminal.mp3","resolution":0,"tags":[],"folder":{"path":"D:\\BP\\Music\\Rating 4"}},{"filename":"113-02 - Back Against The Wall (Instrumental).mp3","resolution":0,"tags":[],"folder":{"path":"D:\\BP\\Music\\Rating 4"}},{"filename":"114-11. Is She With You.mp3","resolution":0,"tags":[],"folder":{"path":"D:\\BP\\Music\\Rating 4"}},{"filename":"115-17_-_Symphony_No._5_in_C_Minor,_Op._67,__Fate___I._Allegro_c.mp3","resolution":0,"tags":[],"folder":{"path":"D:\\BP\\Music\\Rating 4"}},{"filename":"116-07-the_hives_-_it_wont_be_long-ysp.mp3","resolution":0,"tags":[],"folder":{"path":"D:\\BP\\Music\\Rating 4"}},{"filename":"117-Symphony No. 4 in E minor, Op.98 - I. Allegro Non Troppo.mp3","resolution":0,"tags":[],"folder":{"path":"D:\\BP\\Music\\Rating 4"}},{"filename":"118-MaximumTheHormoneWhatsUpPeople.mp3","resolution":0,"tags":[],"folder":{"path":"D:\\BP\\Music\\Rating 4"}},{"filename":"119-01 - Cagayake! GIRLS.mp3","resolution":0,"tags":[],"folder":{"path":"D:\\BP\\Music\\Rating 4"}},{"filename":"12-06 - Back Against The Wall.mp3","resolution":0,"tags":[],"folder":{"path":"D:\\BP\\Music\\Rating 4"}},{"filename":"120-05 - Lotus.mp3","resolution":0,"tags":[],"folder":{"path":"D:\\BP\\Music\\Rating 4"}},{"filename":"121-07. The Less I Know The Better.mp3","resolution":0,"tags":[],"folder":{"path":"D:\\BP\\Music\\Rating 4"}},{"filename":"122-ost_forest_gump_b_j_thomas_raindrops_keep_falling_on_my_head_(NaitiMP3.ru).mp3","resolution":0,"tags":[],"folder":{"path":"D:\\BP\\Music\\Rating 4"}},{"filename":"123-Wild Cherry - Play That Funky Music.mp3","resolution":0,"tags":[],"folder":{"path":"D:\\BP\\Music\\Rating 4"}},{"filename":"124-03. Gold On The Ceiling.mp3","resolution":0,"tags":[],"folder":{"path":"D:\\BP\\Music\\Rating 4"}},{"filename":"125-01. Crayon Pop - Vroom Vroom.ogg","resolution":0,"tags":[],"folder":{"path":"D:\\BP\\Music\\Rating 4"}},{"filename":"126-Arctic_Monkeys_Fluorescent_Adolescent.mp3","resolution":0,"tags":[],"folder":{"path":"D:\\BP\\Music\\Rating 4"}},{"filename":"127-27-Frontier Village ~ Dali.mp3","resolution":0,"tags":[],"folder":{"path":"D:\\BP\\Music\\Rating 4"}},{"filename":"128-02-Secret Library ~ Daguerreo.mp3","resolution":0,"tags":[],"folder":{"path":"D:\\BP\\Music\\Rating 4"}},{"filename":"129-04-Vamo' Alla Flamenco.mp3","resolution":0,"tags":[],"folder":{"path":"D:\\BP\\Music\\Rating 4"}},{"filename":"13-the-calling-wher-ever-you-will-go.mp3","resolution":0,"tags":[],"folder":{"path":"D:\\BP\\Music\\Rating 4"}},{"filename":"130-13 - Aeris's Theme (Arranged Version).mp3","resolution":0,"tags":[],"folder":{"path":"D:\\BP\\Music\\Rating 4"}},{"filename":"131-07 - Tatakau Mono Tachi (Piano Version).mp3","resolution":0,"tags":[],"folder":{"path":"D:\\BP\\Music\\Rating 4"}},{"filename":"132-12-One Winged Angel.mp3","resolution":0,"tags":[],"folder":{"path":"D:\\BP\\Music\\Rating 4"}},{"filename":"133-04 - Succession of Witches.mp3","resolution":0,"tags":[],"folder":{"path":"D:\\BP\\Music\\Rating 4"}},{"filename":"134-05 - Ami.mp3","resolution":0,"tags":[],"folder":{"path":"D:\\BP\\Music\\Rating 4"}},{"filename":"135-09 - Silence and Motion.mp3","resolution":0,"tags":[],"folder":{"path":"D:\\BP\\Music\\Rating 4"}},{"filename":"136-14 - Ami (Piano Version).mp3","resolution":0,"tags":[],"folder":{"path":"D:\\BP\\Music\\Rating 4"}},{"filename":"137-01 - Liberi Fatali.mp3","resolution":0,"tags":[],"folder":{"path":"D:\\BP\\Music\\Rating 4"}},{"filename":"138-02 HaPaTaKa (하파타카).mp3","resolution":0,"tags":[],"folder":{"path":"D:\\BP\\Music\\Rating 4"}},{"filename":"139-02 A Lannister Always Pays His Debts.mp3","resolution":0,"tags":[],"folder":{"path":"D:\\BP\\Music\\Rating 4"}},{"filename":"14-Bat Country.mp3","resolution":0,"tags":[],"folder":{"path":"D:\\BP\\Music\\Rating 4"}},{"filename":"140-03 Breaker of Chains.mp3","resolution":0,"tags":[],"folder":{"path":"D:\\BP\\Music\\Rating 4"}},{"filename":"141-22 The Children.mp3","resolution":0,"tags":[],"folder":{"path":"D:\\BP\\Music\\Rating 4"}},{"filename":"142-Tommy Heavenly 01 - Pray.mp3","resolution":0,"tags":[],"folder":{"path":"D:\\BP\\Music\\Rating 4"}},{"filename":"143-08. Styx - Renegade .mp3","resolution":0,"tags":[],"folder":{"path":"D:\\BP\\Music\\Rating 4"}},{"filename":"144-03. Turkish March.mp3","resolution":0,"tags":[],"folder":{"path":"D:\\BP\\Music\\Rating 4"}},{"filename":"145-78. Serenade #13 In G, K 525, Eine Kleine Nachtmusik - 1. Allegro.mp3","resolution":0,"tags":[],"folder":{"path":"D:\\BP\\Music\\Rating 4"}},{"filename":"146-026. ACDC - Dirty Deeds Done Dirt Cheap.mp3","resolution":0,"tags":[],"folder":{"path":"D:\\BP\\Music\\Rating 4"}},{"filename":"147-094. ACDC - T.N.T..mp3","resolution":0,"tags":[],"folder":{"path":"D:\\BP\\Music\\Rating 4"}},{"filename":"148-015. Evanescence - Bring Me to Life.mp3","resolution":0,"tags":[],"folder":{"path":"D:\\BP\\Music\\Rating 4"}},{"filename":"149-029. Rob Zombie - Dragula.mp3","resolution":0,"tags":[],"folder":{"path":"D:\\BP\\Music\\Rating 4"}},{"filename":"15-01. Crayon Pop - 1,2,3,4 (Japanese Ver.).mp3","resolution":0,"tags":[],"folder":{"path":"D:\\BP\\Music\\Rating 4"}},{"filename":"150-019. System of a Down - Chop Suey!.mp3","resolution":0,"tags":[],"folder":{"path":"D:\\BP\\Music\\Rating 4"}},{"filename":"151-01-hero-s-come-back-.mp3","resolution":0,"tags":[],"folder":{"path":"D:\\BP\\Music\\Rating 4"}},{"filename":"152-Get Free.m4a","resolution":0,"tags":[],"folder":{"path":"D:\\BP\\Music\\Rating 4"}},{"filename":"153-Fugainaiya.mp3","resolution":0,"tags":[],"folder":{"path":"D:\\BP\\Music\\Rating 4"}},{"filename":"154-Linkin Park - Hybrid Theory - 06 - Runaway.mp3","resolution":0,"tags":[],"folder":{"path":"D:\\BP\\Music\\Rating 4"}},{"filename":"155-Linkin Park - Hybrid Theory - 09 - A Place For My Head.mp3","resolution":0,"tags":[],"folder":{"path":"D:\\BP\\Music\\Rating 4"}},{"filename":"156-Linkin Park - Hybrid Theory - 10 - Forgotten.mp3","resolution":0,"tags":[],"folder":{"path":"D:\\BP\\Music\\Rating 4"}},{"filename":"157-Linkin Park - Hybrid Theory - 12 - Pushing Me Away.mp3","resolution":0,"tags":[],"folder":{"path":"D:\\BP\\Music\\Rating 4"}},{"filename":"158-Hans Zimmer - Time_(song365.cc).mp3","resolution":0,"tags":[],"folder":{"path":"D:\\BP\\Music\\Rating 4"}},{"filename":"159-02. Remember Me.mp3","resolution":0,"tags":[],"folder":{"path":"D:\\BP\\Music\\Rating 4"}},{"filename":"16-Rockafeller_Skank_by_Fatboy_Slim_Official_Video[www.MP3Fiber.com].mp3","resolution":0,"tags":[],"folder":{"path":"D:\\BP\\Music\\Rating 4"}},{"filename":"160-Interstellar_-_Main_Theme_Extended_HD_Hans_Zimmer-Vubey.mp3","resolution":0,"tags":[],"folder":{"path":"D:\\BP\\Music\\Rating 4"}},{"filename":"161-Kaze Wo Matta Hi.mp3","resolution":0,"tags":[],"folder":{"path":"D:\\BP\\Music\\Rating 4"}},{"filename":"162-01 Aaron Tveit, Eddie Redmayne, Students & Les Misérables Cast - Do You Hear the People Sing-.mp3","resolution":0,"tags":[],"folder":{"path":"D:\\BP\\Music\\Rating 4"}},{"filename":"163-07. Feels Like We Only Go Backwards.mp3","resolution":0,"tags":[],"folder":{"path":"D:\\BP\\Music\\Rating 4"}},{"filename":"164-058. Ludwig van Beethoven - Mondscheinsonate (Op. 27).mp3","resolution":0,"tags":[],"folder":{"path":"D:\\BP\\Music\\Rating 4"}},{"filename":"165-Linkin Park - Meteora - 02 - Don't Stay.mp3","resolution":0,"tags":[],"folder":{"path":"D:\\BP\\Music\\Rating 4"}},{"filename":"166-Linkin Park - Meteora - 08 - Figure.09.mp3","resolution":0,"tags":[],"folder":{"path":"D:\\BP\\Music\\Rating 4"}},{"filename":"167-Linkin Park - Meteora - 11 - Nobody's Listening.mp3","resolution":0,"tags":[],"folder":{"path":"D:\\BP\\Music\\Rating 4"}},{"filename":"168-Linkin Park - Given Up.mp3","resolution":0,"tags":[],"folder":{"path":"D:\\BP\\Music\\Rating 4"}},{"filename":"169-Linking Park - What I've Done.mp3","resolution":0,"tags":[],"folder":{"path":"D:\\BP\\Music\\Rating 4"}},{"filename":"17-16. Oasis  Falling Down.mp3","resolution":0,"tags":[],"folder":{"path":"D:\\BP\\Music\\Rating 4"}},{"filename":"170-01 - Dirty Little Secret.mp3","resolution":0,"tags":[],"folder":{"path":"D:\\BP\\Music\\Rating 4"}},{"filename":"171-12 - Etude 10-4 ~ Hi no Deru Youna Ensou Ver.Re1.mp3","resolution":0,"tags":[],"folder":{"path":"D:\\BP\\Music\\Rating 4"}},{"filename":"172-10 - Schubert Piano Sonata Dai 16 Ban A Tanchou D845 Yori Dai 1 Gakushou Kara Drama Edit Ver.Re1.mp3","resolution":0,"tags":[],"folder":{"path":"D:\\BP\\Music\\Rating 4"}},{"filename":"173-1-9. Brahms Symphony No. 1 in C, Op. 68, 4th movement.mp3","resolution":0,"tags":[],"folder":{"path":"D:\\BP\\Music\\Rating 4"}},{"filename":"174-03 Mozart - Piano Sonata in D+ for Two K.448 - 1st Movement.mp3","resolution":0,"tags":[],"folder":{"path":"D:\\BP\\Music\\Rating 4"}},{"filename":"175-07.mp3","resolution":0,"tags":[],"folder":{"path":"D:\\BP\\Music\\Rating 4"}},{"filename":"176-08 Interpol - Rest My Chemistry - P.a.I.D..mp3","resolution":0,"tags":[],"folder":{"path":"D:\\BP\\Music\\Rating 4"}},{"filename":"177-Black Angels 06 Entrance Song.mp3","resolution":0,"tags":[],"folder":{"path":"D:\\BP\\Music\\Rating 4"}},{"filename":"178-01. Allegro ma non tanto.mp3","resolution":0,"tags":[],"folder":{"path":"D:\\BP\\Music\\Rating 4"}},{"filename":"179-L'Arc~en~Ciel - READY STEADY GO.mp3","resolution":0,"tags":[],"folder":{"path":"D:\\BP\\Music\\Rating 4"}},{"filename":"18-Gintama OP05 - Does - Donten.mp3","resolution":0,"tags":[],"folder":{"path":"D:\\BP\\Music\\Rating 4"}},{"filename":"180-049 - The Eagles - Hotel California.mp3","resolution":0,"tags":[],"folder":{"path":"D:\\BP\\Music\\Rating 4"}},{"filename":"181-14. R U Mine.mp3","resolution":0,"tags":[],"folder":{"path":"D:\\BP\\Music\\Rating 4"}},{"filename":"182-04. Down With The Sickness.mp3","resolution":0,"tags":[],"folder":{"path":"D:\\BP\\Music\\Rating 4"}},{"filename":"183-Remy Zero - Save Me - Save Me [pleer.com].mp3","resolution":0,"tags":[],"folder":{"path":"D:\\BP\\Music\\Rating 4"}},{"filename":"184-14-Sabotage.mp3","resolution":0,"tags":[],"folder":{"path":"D:\\BP\\Music\\Rating 4"}},{"filename":"185-04 - Shake Me Down.mp3","resolution":0,"tags":[],"folder":{"path":"D:\\BP\\Music\\Rating 4"}},{"filename":"186-That Thing You Do.mp3","resolution":0,"tags":[],"folder":{"path":"D:\\BP\\Music\\Rating 4"}},{"filename":"187-08 What You Know.mp3","resolution":0,"tags":[],"folder":{"path":"D:\\BP\\Music\\Rating 4"}},{"filename":"188-05 Rap God.mp3","resolution":0,"tags":[],"folder":{"path":"D:\\BP\\Music\\Rating 4"}},{"filename":"189-02 Days Are Forgotten.mp3","resolution":0,"tags":[],"folder":{"path":"D:\\BP\\Music\\Rating 4"}},{"filename":"19-01. Lonely Boy.mp3","resolution":0,"tags":[],"folder":{"path":"D:\\BP\\Music\\Rating 4"}},{"filename":"190-06 Caravan.mp3","resolution":0,"tags":[],"folder":{"path":"D:\\BP\\Music\\Rating 4"}},{"filename":"20-04 Me Plus One.mp3","resolution":0,"tags":[],"folder":{"path":"D:\\BP\\Music\\Rating 4"}},{"filename":"21-Melodies of Life (English).mp3","resolution":0,"tags":[],"folder":{"path":"D:\\BP\\Music\\Rating 4"}},{"filename":"22-14-Melodie Of Life.mp3","resolution":0,"tags":[],"folder":{"path":"D:\\BP\\Music\\Rating 4"}},{"filename":"23-05 - Tifa no Theme (Piano Version).mp3","resolution":0,"tags":[],"folder":{"path":"D:\\BP\\Music\\Rating 4"}},{"filename":"24-01-Tifa's Theme.mp3","resolution":0,"tags":[],"folder":{"path":"D:\\BP\\Music\\Rating 4"}},{"filename":"25-01 FM.mp3","resolution":0,"tags":[],"folder":{"path":"D:\\BP\\Music\\Rating 4"}},{"filename":"26-01 - Fuwa Fuwa Time.mp3","resolution":0,"tags":[],"folder":{"path":"D:\\BP\\Music\\Rating 4"}},{"filename":"27-01. Main Title.mp3","resolution":0,"tags":[],"folder":{"path":"D:\\BP\\Music\\Rating 4"}},{"filename":"28-01 Main Title (Game of Thrones) [Season 3].mp3","resolution":0,"tags":[],"folder":{"path":"D:\\BP\\Music\\Rating 4"}},{"filename":"29-01 Main Titles.mp3","resolution":0,"tags":[],"folder":{"path":"D:\\BP\\Music\\Rating 4"}},{"filename":"30-087. Led Zeppelin - Stairway To Heaven.mp3","resolution":0,"tags":[],"folder":{"path":"D:\\BP\\Music\\Rating 4"}},{"filename":"31-085. Nirvana - Smells Like Teen Spirit.mp3","resolution":0,"tags":[],"folder":{"path":"D:\\BP\\Music\\Rating 4"}},{"filename":"32-Arctic Monkeys – Crying Lightning.mp3","resolution":0,"tags":[],"folder":{"path":"D:\\BP\\Music\\Rating 4"}},{"filename":"33-Linkin Park - Hybrid Theory - 04 - Points Of Authority.mp3","resolution":0,"tags":[],"folder":{"path":"D:\\BP\\Music\\Rating 4"}},{"filename":"34-03 - Dream Is Collapsing.mp3","resolution":0,"tags":[],"folder":{"path":"D:\\BP\\Music\\Rating 4"}},{"filename":"35-08 Test Transmission.mp3","resolution":0,"tags":[],"folder":{"path":"D:\\BP\\Music\\Rating 4"}},{"filename":"36-Avril Lavigne - Complicated_(song365.cc).mp3","resolution":0,"tags":[],"folder":{"path":"D:\\BP\\Music\\Rating 4"}},{"filename":"37-06 Mozart's Oboe Concerto in C major K 314 .mp3","resolution":0,"tags":[],"folder":{"path":"D:\\BP\\Music\\Rating 4"}},{"filename":"38-08.mp3","resolution":0,"tags":[],"folder":{"path":"D:\\BP\\Music\\Rating 4"}},{"filename":"39-10 Beethoven Symphony No 7 In A Mayor Chiaki Conducting.mp3","resolution":0,"tags":[],"folder":{"path":"D:\\BP\\Music\\Rating 4"}},{"filename":"40-2 Bar Bar Bar.mp3","resolution":0,"tags":[],"folder":{"path":"D:\\BP\\Music\\Rating 4"}},{"filename":"41-6 Saturday Night.mp3","resolution":0,"tags":[],"folder":{"path":"D:\\BP\\Music\\Rating 4"}},{"filename":"42-7 Bing Bing (Poppin Version).mp3","resolution":0,"tags":[],"folder":{"path":"D:\\BP\\Music\\Rating 4"}},{"filename":"43-3 Dancing Queen 2.0.mp3","resolution":0,"tags":[],"folder":{"path":"D:\\BP\\Music\\Rating 4"}},{"filename":"44-The Bee Gees - How Deep Is Your Love [mp3clan.com].mp3","resolution":0,"tags":[],"folder":{"path":"D:\\BP\\Music\\Rating 4"}},{"filename":"45-01 - Helena Beat.mp3","resolution":0,"tags":[],"folder":{"path":"D:\\BP\\Music\\Rating 4"}},{"filename":"46-03 - Call It What You Want.mp3","resolution":0,"tags":[],"folder":{"path":"D:\\BP\\Music\\Rating 4"}},{"filename":"47-02 Lose Yourself.mp3","resolution":0,"tags":[],"folder":{"path":"D:\\BP\\Music\\Rating 4"}},{"filename":"48-08 Without Me.mp3","resolution":0,"tags":[],"folder":{"path":"D:\\BP\\Music\\Rating 4"}},{"filename":"49-Barry White - Never Gonna Give You Up.mp3","resolution":0,"tags":[],"folder":{"path":"D:\\BP\\Music\\Rating 4"}},{"filename":"50-10 Switchblade Smiles.mp3","resolution":0,"tags":[],"folder":{"path":"D:\\BP\\Music\\Rating 4"}},{"filename":"51-08 Vlad The Impaler.mp3","resolution":0,"tags":[],"folder":{"path":"D:\\BP\\Music\\Rating 4"}},{"filename":"52-tougenkyo alien.mp3","resolution":0,"tags":[],"folder":{"path":"D:\\BP\\Music\\Rating 4"}},{"filename":"53-Ima Robot - Greenback Boogie.mp3","resolution":0,"tags":[],"folder":{"path":"D:\\BP\\Music\\Rating 4"}},{"filename":"54-09. Nodame Orchestra - Brahms Symphony No. 1 in C minor Op. 68 yori, First Movement-Fourth Movement kara.mp3","resolution":0,"tags":[],"folder":{"path":"D:\\BP\\Music\\Rating 4"}},{"filename":"55-26. WORLD END - FLOW.mp3","resolution":0,"tags":[],"folder":{"path":"D:\\BP\\Music\\Rating 4"}},{"filename":"56-03 - Stevie.mp3","resolution":0,"tags":[],"folder":{"path":"D:\\BP\\Music\\Rating 4"}},{"filename":"57-Elvies Presley Little Less Conversation JXL Edit.mp3","resolution":0,"tags":[],"folder":{"path":"D:\\BP\\Music\\Rating 4"}},{"filename":"58-23_-_Symphony_No._7_in_A_Major,_Op._92__I._Poco_sostenuto_-_.mp3","resolution":0,"tags":[],"folder":{"path":"D:\\BP\\Music\\Rating 4"}},{"filename":"59-24_-_Symphony_No._7_in_A_Major,_Op._92__II._Allegretto.mp3","resolution":0,"tags":[],"folder":{"path":"D:\\BP\\Music\\Rating 4"}},{"filename":"60-26_-_Symphony_No._7_in_A_Major,_Op._92__IV._Allegro_con_brio.mp3","resolution":0,"tags":[],"folder":{"path":"D:\\BP\\Music\\Rating 4"}},{"filename":"61-32_-_Symphony_No._9_in_D_Minor,_Op._125__Choral___II._Molto_.mp3","resolution":0,"tags":[],"folder":{"path":"D:\\BP\\Music\\Rating 4"}},{"filename":"62-34_-_Symphony_No._9_in_D_Minor,_Op._125__Choral___IV._Presto.mp3","resolution":0,"tags":[],"folder":{"path":"D:\\BP\\Music\\Rating 4"}},{"filename":"63-Right_Here_Right_Now_by_Fatboy_Slim_Official_Video[www.MP3Fiber.com].mp3","resolution":0,"tags":[],"folder":{"path":"D:\\BP\\Music\\Rating 4"}},{"filename":"64-02 broken brights.mp3","resolution":0,"tags":[],"folder":{"path":"D:\\BP\\Music\\Rating 4"}},{"filename":"65-08-cake-never_never_gonna_give_you_up.mp3","resolution":0,"tags":[],"folder":{"path":"D:\\BP\\Music\\Rating 4"}},{"filename":"66-01 Empire.mp3","resolution":0,"tags":[],"folder":{"path":"D:\\BP\\Music\\Rating 4"}},{"filename":"67-Eyes On Me.mp3","resolution":0,"tags":[],"folder":{"path":"D:\\BP\\Music\\Rating 4"}},{"filename":"68-03 - Main Theme Of FFVII (Arranged Version).mp3","resolution":0,"tags":[],"folder":{"path":"D:\\BP\\Music\\Rating 4"}},{"filename":"69-05-Fighting.mp3","resolution":0,"tags":[],"folder":{"path":"D:\\BP\\Music\\Rating 4"}},{"filename":"70-11-Aerith's Theme.mp3","resolution":0,"tags":[],"folder":{"path":"D:\\BP\\Music\\Rating 4"}},{"filename":"71-02 - Eyes on Me.mp3","resolution":0,"tags":[],"folder":{"path":"D:\\BP\\Music\\Rating 4"}},{"filename":"72-08 - One-winged Angel (Arranged Version).mp3","resolution":0,"tags":[],"folder":{"path":"D:\\BP\\Music\\Rating 4"}},{"filename":"73-02 - Eyes On Me (Piano Version).mp3","resolution":0,"tags":[],"folder":{"path":"D:\\BP\\Music\\Rating 4"}},{"filename":"74-07 - Eyes On Me.mp3","resolution":0,"tags":[],"folder":{"path":"D:\\BP\\Music\\Rating 4"}},{"filename":"75-010. ACDC - Back in Black.mp3","resolution":0,"tags":[],"folder":{"path":"D:\\BP\\Music\\Rating 4"}},{"filename":"76-020. Coldplay - Clocks.mp3","resolution":0,"tags":[],"folder":{"path":"D:\\BP\\Music\\Rating 4"}},{"filename":"77-Crayon Pop C'mon Cmon.mp3","resolution":0,"tags":[],"folder":{"path":"D:\\BP\\Music\\Rating 4"}},{"filename":"78-01 Club Foot.mp3","resolution":0,"tags":[],"folder":{"path":"D:\\BP\\Music\\Rating 4"}},{"filename":"79-03 Reason Is Treason.mp3","resolution":0,"tags":[],"folder":{"path":"D:\\BP\\Music\\Rating 4"}},{"filename":"80-06 L.S.F..mp3","resolution":0,"tags":[],"folder":{"path":"D:\\BP\\Music\\Rating 4"}},{"filename":"81-10 Cutt Off.mp3","resolution":0,"tags":[],"folder":{"path":"D:\\BP\\Music\\Rating 4"}},{"filename":"82-11 Butcher Blues.mp3","resolution":0,"tags":[],"folder":{"path":"D:\\BP\\Music\\Rating 4"}},{"filename":"83-Houkago Tea Time - Gohan Wa Okazu.mp3","resolution":0,"tags":[],"folder":{"path":"D:\\BP\\Music\\Rating 4"}},{"filename":"84-01_-_Utauyo__MIRACLE.mp3","resolution":0,"tags":[],"folder":{"path":"D:\\BP\\Music\\Rating 4"}},{"filename":"85-Avril Lavigne - Losing Grip_(song365.cc).mp3","resolution":0,"tags":[],"folder":{"path":"D:\\BP\\Music\\Rating 4"}},{"filename":"86-Avril Lavigne - Anything But ordinary_(song365.cc).mp3","resolution":0,"tags":[],"folder":{"path":"D:\\BP\\Music\\Rating 4"}},{"filename":"87-Avril Lavigne - My World_(song365.cc).mp3","resolution":0,"tags":[],"folder":{"path":"D:\\BP\\Music\\Rating 4"}},{"filename":"88-07 - Sonata for Two Pianos in D major (Mozart).mp3","resolution":0,"tags":[],"folder":{"path":"D:\\BP\\Music\\Rating 4"}},{"filename":"89-01 Beethoven Symphony No7 1st.mp3","resolution":0,"tags":[],"folder":{"path":"D:\\BP\\Music\\Rating 4"}},{"filename":"90-1-1. Beethoven Symphony No. 7, Opus 92 (Opening).mp3","resolution":0,"tags":[],"folder":{"path":"D:\\BP\\Music\\Rating 4"}},{"filename":"91-10 Beethoven - Symphony No. 7 - 4th Movement (Tokyo Philharmonic Orchestra - under DePriest).mp3","resolution":0,"tags":[],"folder":{"path":"D:\\BP\\Music\\Rating 4"}},{"filename":"92-Crayon Pop - I'm Beautiful - Better Audio Quality - Popcon - Seoul - 크레용팝.mp3","resolution":0,"tags":[],"folder":{"path":"D:\\BP\\Music\\Rating 4"}},{"filename":"93-Dont Wanna Fight.mp3","resolution":0,"tags":[],"folder":{"path":"D:\\BP\\Music\\Rating 4"}},{"filename":"94-Suikoden ii ost - reminiscence [disc 1] [www.stafaband.co].mp3","resolution":0,"tags":[],"folder":{"path":"D:\\BP\\Music\\Rating 4"}},{"filename":"95-01 No One Loves Me & Neither Do I.mp3","resolution":0,"tags":[],"folder":{"path":"D:\\BP\\Music\\Rating 4"}},{"filename":"96-01 Underdog.mp3","resolution":0,"tags":[],"folder":{"path":"D:\\BP\\Music\\Rating 4"}},{"filename":"97-11 Fire.mp3","resolution":0,"tags":[],"folder":{"path":"D:\\BP\\Music\\Rating 4"}},{"filename":"98-George Michael - Careless Whisper.mp3","resolution":0,"tags":[],"folder":{"path":"D:\\BP\\Music\\Rating 4"}},{"filename":"99-02-arctic_monkeys-i_bet_you_look_good_on_the_dancefloor.mp3","resolution":0,"tags":[],"folder":{"path":"D:\\BP\\Music\\Rating 4"}},{"filename":"Cover.jpg","resolution":0,"tags":[],"folder":{"path":"D:\\BP\\Music\\Rating 4"}},{"filename":"Front.jpg","resolution":0,"tags":[],"folder":{"path":"D:\\BP\\Music\\Rating 4"}},{"filename":" !@#!$%^&;.txt","resolution":0,"tags":[{"order":5,"text":"#!"},{"order":7,"text":"@!"},{"order":8,"text":"@!!"},{"order":4,"text":"#"}],"folder":{"path":"D:\\CRAYON POP (크레용팝) Videos"}}]